model,accuracy,auc,log_loss,brier_score
logreg,0.6284781516825716,0.6549656261629336,0.6436485788356064,0.2267814626199673
xgb,0.6251312725446326,0.652935757126927,0.6445291932995563,0.22732334654836933
