model,accuracy,auc,log_loss,brier_score
logreg,0.6258344367837085,0.6525444957352721,0.6453884459956295,0.22760012554730796
xgb,0.6294552760147939,0.6540771154815914,0.641841116409192,0.2261441702785506
