model,accuracy,auc,log_loss,brier_score
logreg,0.6271722752385736,0.6529949680710069,0.6446185784699527,0.22723253510431074
xgb,0.6248116524359618,0.6527750196322396,0.6456891216128007,0.22782067077164134
